pressure,conservative_temperature,absolute_salinity
0.0,,
1.0,,
2.0,,
3.0,20.88782,38.53593
4.0,20.885466,38.53595
5.0,20.88228,38.535965
6.0,20.879093,38.535984
7.0,20.877405,38.536
8.0,20.875307,38.53602
9.0,20.87283,38.536037
10.0,20.869968,38.535606
11.0,20.86647,38.53502
12.0,20.863962,38.534985
13.0,20.862864,38.534954
14.0,20.86124,38.534924
15.0,20.858831,38.534893
16.0,20.857754,38.53486
17.0,20.856655,38.53483
18.0,20.854933,38.534798
19.0,20.85319,38.534767
20.0,20.852,38.534733
21.0,20.851362,38.534718
22.0,20.849508,38.534702
23.0,20.847885,38.534687
24.0,20.847239,38.534676
25.0,20.846048,38.53466
26.0,20.843197,38.534645
27.0,20.841131,38.53463
28.0,20.840485,38.534615
29.0,20.839294,38.5346
30.0,20.837198,38.534584
31.0,20.835476,38.53459
32.0,20.834728,38.5346
33.0,20.833447,38.534603
34.0,20.831848,38.53461
35.0,20.831156,38.53462
36.0,20.830978,38.534122
37.0,20.830801,38.533627
38.0,20.830154,38.533634
39.0,20.828619,38.53364
40.0,20.82503,38.533203
41.0,20.8221,38.53215
42.0,20.821486,38.531197
43.0,20.820337,38.53021
44.0,20.81371,38.527145
45.0,20.794807,38.52012
46.0,20.69714,38.498528
47.0,19.997541,38.44227
48.0,18.72772,38.308647
49.0,17.815325,38.200645
50.0,17.447327,38.18608
51.0,17.275194,38.188084
52.0,17.165264,38.1931
53.0,17.058273,38.200123
54.0,16.978662,38.208153
55.0,16.950468,38.212666
56.0,16.915657,38.222202
57.0,16.803955,38.24195
58.0,16.627552,38.266666
59.0,16.437744,38.282963
60.0,16.26704,38.289986
61.0,16.13261,38.30053
62.0,16.024149,38.31212
63.0,15.915617,38.326077
64.0,15.803725,38.345215
65.0,15.738415,38.36078
66.0,15.681154,38.37333
67.0,15.597438,38.382195
68.0,15.531769,38.385414
69.0,15.503605,38.384857
70.0,15.46858,38.385353
71.0,15.404179,38.385845
72.0,15.363167,38.38684
73.0,15.343526,38.389343
74.0,15.278081,38.39185
75.0,15.159786,38.397366
76.0,15.042416,38.4059
77.0,14.936617,38.409935
78.0,14.860819,38.408947
79.0,14.827807,38.408962
80.0,14.789585,38.40954
81.0,14.735496,38.409397
82.0,14.692043,38.4123
83.0,14.657652,38.42058
84.0,14.647189,38.434666
85.0,14.641502,38.456787
86.0,14.629792,38.48092
87.0,14.623773,38.49651
88.0,14.614956,38.504562
89.0,14.608193,38.510105
90.0,14.5995035,38.513138
91.0,14.584293,38.518223
92.0,14.570007,38.52613
93.0,14.5639,38.53338
94.0,14.558059,38.540607
95.0,14.542878,38.544533
96.0,14.528736,38.549175
97.0,14.520699,38.556957
98.0,14.517283,38.568027
99.0,14.524281,38.5806
100.0,14.524833,38.592175
101.0,14.5119505,38.60375
102.0,14.494195,38.61129
103.0,14.468666,38.6113
104.0,14.43922,38.6088
105.0,14.418681,38.608303
106.0,14.407533,38.61032
107.0,14.395887,38.612343
108.0,14.380772,38.613857
109.0,14.370619,38.615875
110.0,14.367817,38.622417
111.0,14.380102,38.63359
112.0,14.398819,38.643936
113.0,14.400666,38.650852
114.0,14.394509,38.655884
115.0,14.389043,38.658634
116.0,14.391124,38.662216
117.0,14.401858,38.67121
118.0,14.416802,38.68428
119.0,14.4337225,38.697853
120.0,14.442335,38.7054
121.0,14.447032,38.71043
122.0,14.449843,38.71351
123.0,14.449022,38.714516
124.0,14.4513855,38.71699
125.0,14.457586,38.72152
126.0,14.455892,38.725716
127.0,14.459121,38.735497
128.0,14.470465,38.748802
129.0,14.487817,38.76123
130.0,14.49,38.76726
131.0,14.461584,38.763752
132.0,14.421357,38.755215
133.0,14.379017,38.751705
134.0,14.357365,38.75623
135.0,14.347587,38.759705
136.0,14.332149,38.760258
137.0,14.326433,38.76177
138.0,14.326678,38.765793
139.0,14.325445,38.769314
140.0,14.324301,38.77144
141.0,14.332571,38.777817
142.0,14.347134,38.78604
143.0,14.353963,38.791325
144.0,14.350927,38.793953
145.0,14.353187,38.79697
146.0,14.355459,38.799488
147.0,14.362665,38.803513
148.0,14.380725,38.81105
149.0,14.394856,38.81658
150.0,14.399154,38.81759
151.0,14.40925,38.820942
152.0,14.42573,38.82911
153.0,14.431803,38.83322
154.0,14.422003,38.83178
155.0,14.409502,38.830666
156.0,14.408083,38.834324
157.0,14.4152155,38.841835
158.0,14.420917,38.85077
159.0,14.4100485,38.856
160.0,14.398246,38.85626
161.0,14.39155,38.855804
162.0,14.41894,38.867863
163.0,14.465045,38.886955
164.0,14.480647,38.894905
165.0,14.479007,38.897343
166.0,14.470708,38.900528
167.0,14.449603,38.899754
168.0,14.426087,38.896572
169.0,14.418187,38.89713
170.0,14.416285,38.898026
171.0,14.413872,38.89803
172.0,14.412724,38.89848
173.0,14.411508,38.899036
174.0,14.410405,38.89904
175.0,14.407942,38.899044
176.0,14.402113,38.898544
177.0,14.395192,38.89748
178.0,14.3924,38.89703
179.0,14.390914,38.89611
180.0,14.366157,38.8926
181.0,14.316452,38.886166
182.0,14.313432,38.889534
183.0,14.349232,38.903038
184.0,14.374218,38.91157
185.0,14.403238,38.92
186.0,14.451954,38.939396
187.0,14.47083,38.949642
188.0,14.439209,38.94381
189.0,14.434682,38.943806
190.0,14.477273,38.96046
191.0,14.502823,38.97334
192.0,14.484682,38.972664
193.0,14.468202,38.970116
194.0,14.46449,38.969307
195.0,14.456995,38.9687
196.0,14.454078,38.96939
197.0,14.457029,38.971672
198.0,14.460931,38.975723
199.0,14.463227,38.979332
200.0,14.462974,38.97933
201.0,14.462875,38.981113
202.0,14.460126,38.98334
203.0,14.460916,38.98535
204.0,14.469085,38.99038
205.0,14.47431,38.993896
206.0,14.47324,38.9944
207.0,14.472432,38.99485
208.0,14.475264,38.996914
209.0,14.48247,39.000656
210.0,14.491627,39.004086
211.0,14.49741,39.006966
212.0,14.495727,39.008476
213.0,14.492578,39.00898
214.0,14.474088,39.00697
215.0,14.450697,39.002228
216.0,14.44542,39.000443
217.0,14.444458,39.00099
218.0,14.443758,39.002956
219.0,14.449976,39.006474
220.0,14.462616,39.0115
221.0,14.465355,39.01502
222.0,14.465151,39.01703
223.0,14.471368,39.020546
224.0,14.476108,39.023563
225.0,14.4774065,39.02507
226.0,14.478221,39.026077
227.0,14.479035,39.02708
228.0,14.478372,39.027584
229.0,14.476714,39.02809
230.0,14.475541,39.0291
231.0,14.471309,39.029602
232.0,14.465074,39.030006
233.0,14.463547,39.031055
234.0,14.463919,39.032116
235.0,14.463752,39.03262
236.0,14.463597,39.032623
237.0,14.463444,39.032623
238.0,14.4578495,39.03162
239.0,14.440394,39.028107
240.0,14.420965,39.024086
241.0,14.411906,39.022583
242.0,14.411739,39.023087
243.0,14.414044,39.024094
244.0,14.413878,39.024593
245.0,14.412731,39.024597
246.0,14.412081,39.024597
247.0,14.407966,39.024097
248.0,14.403353,39.023598
249.0,14.400727,39.023094
250.0,14.396806,39.022224
251.0,14.39207,39.02148
252.0,14.387335,39.020737
253.0,14.3826,39.019993
254.0,14.377865,39.019245
255.0,14.372884,39.018436
256.0,14.365683,39.017044
257.0,14.35848,39.01565
258.0,14.351279,39.014256
259.0,14.344078,39.012863
260.0,14.336877,39.01147
261.0,14.329676,39.01008
262.0,14.322475,39.008686
263.0,14.315274,39.00729
264.0,14.308073,39.005898
265.0,14.300873,39.004505
266.0,14.295679,39.00352
267.0,14.290485,39.002533
268.0,14.285293,39.00155
269.0,14.280099,39.000565
270.0,14.274906,38.999577
271.0,14.269712,38.998592
272.0,14.26452,38.99761
273.0,14.259326,38.996624
274.0,14.254133,38.995636
275.0,14.24894,38.99465
276.0,14.245078,38.99437
277.0,14.241548,38.994267
278.0,14.238018,38.994164
279.0,14.234488,38.994057
280.0,14.230958,38.993954
281.0,14.227428,38.99385
282.0,14.223898,38.993744
283.0,14.220368,38.99364
284.0,14.216839,38.993538
285.0,14.213606,38.993492
286.0,14.213043,38.993996
287.0,14.212481,38.994495
288.0,14.211918,38.995
289.0,14.211355,38.9955
290.0,14.210793,38.996002
291.0,14.210231,38.996506
292.0,14.209668,38.997005
293.0,14.2091055,38.99751
294.0,14.208543,38.998013
295.0,14.20818,38.99857
296.0,14.209625,38.99963
297.0,14.211069,39.000694
298.0,14.212514,39.001755
299.0,14.213958,39.00282
300.0,14.215402,39.00388
301.0,14.216846,39.004944
302.0,14.21829,39.006004
303.0,14.219734,39.00707
304.0,14.221178,39.008133
305.0,14.222622,39.009197
306.0,14.220879,39.009155
307.0,14.21777,39.008636
308.0,14.21466,39.00812
309.0,14.211551,39.007603
310.0,14.208441,39.007088
311.0,14.205332,39.00657
312.0,14.202223,39.006054
313.0,14.199113,39.005535
314.0,14.196004,39.00502
315.0,14.192895,39.0045
316.0,14.191733,39.004707
317.0,14.190573,39.00491
318.0,14.189411,39.005116
319.0,14.18825,39.00532
320.0,14.187089,39.005524
321.0,14.185927,39.00573
322.0,14.184767,39.00593
323.0,14.183605,39.006138
324.0,14.182445,39.00634
325.0,14.181296,39.006523
326.0,14.180267,39.006527
327.0,14.179238,39.006527
328.0,14.178208,39.006527
329.0,14.177179,39.00653
330.0,14.17615,39.00653
331.0,14.175121,39.00653
332.0,14.174092,39.006535
333.0,14.173063,39.006535
334.0,14.172033,39.006535
335.0,14.171004,39.00654
336.0,14.170405,39.006718
337.0,14.169854,39.006916
338.0,14.169303,39.00712
339.0,14.168752,39.00732
340.0,14.1682005,39.00752
341.0,14.167649,39.00772
342.0,14.167098,39.00792
343.0,14.166546,39.00812
344.0,14.165995,39.00832
345.0,14.165443,39.008522
346.0,14.164724,39.008564
347.0,14.163963,39.008564
348.0,14.163203,39.008564
349.0,14.162442,39.008568
350.0,14.161681,39.008568
351.0,14.16092,39.008568
352.0,14.160159,39.00857
353.0,14.159398,39.00857
354.0,14.158637,39.00857
355.0,14.157876,39.00857
356.0,14.15631,39.00837
357.0,14.154743,39.008163
358.0,14.153177,39.007957
359.0,14.15161,39.007755
360.0,14.150044,39.00755
361.0,14.1484785,39.007347
362.0,14.146912,39.00714
363.0,14.145346,39.006935
364.0,14.14378,39.006733
365.0,14.142243,39.006527
366.0,14.14083,39.006332
367.0,14.139417,39.006138
368.0,14.138002,39.00594
369.0,14.136589,39.005745
370.0,14.135176,39.005547
371.0,14.133762,39.005352
372.0,14.132349,39.005154
373.0,14.130936,39.00496
374.0,14.129521,39.00476
375.0,14.128108,39.004566
376.0,14.12614,39.00426
377.0,14.12417,39.003952
378.0,14.122202,39.003647
379.0,14.120233,39.003338
380.0,14.118264,39.003033
381.0,14.116296,39.002728
382.0,14.1143265,39.00242
383.0,14.112358,39.002113
384.0,14.11039,39.001804
385.0,14.108361,39.001503
386.0,14.106095,39.00121
387.0,14.103829,39.00092
388.0,14.101563,39.000626
389.0,14.099297,39.00033
390.0,14.097031,39.000042
391.0,14.094765,38.99975
392.0,14.092499,38.99946
393.0,14.090233,38.999165
394.0,14.087967,38.99887
395.0,14.085701,38.99858
396.0,14.084378,38.998375
397.0,14.083159,38.998177
398.0,14.081941,38.997982
399.0,14.080723,38.997784
400.0,14.079504,38.99759
401.0,14.078285,38.997395
402.0,14.077066,38.997196
403.0,14.075849,38.997
404.0,14.07463,38.996803
405.0,14.073411,38.99661
406.0,14.07195,38.996407
407.0,14.070384,38.996204
408.0,14.068818,38.996002
409.0,14.067252,38.9958
410.0,14.065686,38.995594
411.0,14.06412,38.99539
412.0,14.062554,38.99519
413.0,14.060989,38.994987
414.0,14.059423,38.99478
415.0,14.0578575,38.99458
416.0,14.055626,38.9942
417.0,14.053321,38.993805
418.0,14.051016,38.99341
419.0,14.048712,38.99301
420.0,14.046407,38.99262
421.0,14.044102,38.99222
422.0,14.041797,38.991825
423.0,14.039492,38.99143
424.0,14.037187,38.99103
425.0,14.034882,38.990635
426.0,14.033493,38.990395
427.0,14.032332,38.99019
428.0,14.031172,38.989986
429.0,14.030011,38.989784
430.0,14.028851,38.989582
431.0,14.02769,38.989376
432.0,14.02653,38.989174
433.0,14.02537,38.98897
434.0,14.024209,38.98877
435.0,14.023048,38.988564
436.0,14.020999,38.988262
437.0,14.018949,38.987957
438.0,14.016899,38.987656
439.0,14.014849,38.987354
440.0,14.012799,38.98705
441.0,14.010749,38.986748
442.0,14.008699,38.986443
443.0,14.006649,38.98614
444.0,14.0046,38.985836
445.0,14.002612,38.985535
446.0,14.001189,38.985237
447.0,13.999766,38.984943
448.0,13.998344,38.984646
449.0,13.996922,38.98435
450.0,13.995499,38.98405
451.0,13.994076,38.983757
452.0,13.992653,38.98346
453.0,13.99123,38.983162
454.0,13.989807,38.98287
455.0,13.988384,38.98257
456.0,13.985842,38.981964
457.0,13.983298,38.981354
458.0,13.980755,38.980747
459.0,13.978211,38.98014
460.0,13.975669,38.979534
461.0,13.973125,38.978928
462.0,13.970582,38.978317
463.0,13.9680395,38.97771
464.0,13.965496,38.977104
465.0,13.962943,38.97651
466.0,13.960298,38.976
467.0,13.957651,38.975494
468.0,13.955006,38.97499
469.0,13.95236,38.974483
470.0,13.949715,38.97398
471.0,13.947069,38.973473
472.0,13.944424,38.972965
473.0,13.941778,38.97246
474.0,13.939133,38.971954
475.0,13.936394,38.97141
476.0,13.933282,38.970707
477.0,13.93017,38.970005
478.0,13.927058,38.969303
479.0,13.923947,38.968605
480.0,13.9208355,38.967903
481.0,13.917724,38.9672
482.0,13.914613,38.9665
483.0,13.911501,38.965797
484.0,13.90839,38.965096
485.0,13.905519,38.964455
486.0,13.903607,38.964058
487.0,13.901697,38.96366
488.0,13.899786,38.96327
489.0,13.897875,38.96287
490.0,13.895965,38.962475
491.0,13.894053,38.96208
492.0,13.892142,38.96168
493.0,13.890232,38.96129
494.0,13.888321,38.96089
495.0,13.8863125,38.960464
496.0,13.883428,38.95977
497.0,13.880542,38.959076
498.0,13.877657,38.95838
499.0,13.874771,38.957687
500.0,13.871886,38.956993
501.0,13.869,38.9563
502.0,13.866116,38.9556
503.0,13.86323,38.954906
504.0,13.860345,38.954212
505.0,13.85746,38.953518
506.0,13.847162,38.950733
507.0,13.836864,38.947952
508.0,13.826568,38.945168
509.0,13.81627,38.942383
510.0,13.805973,38.939598
511.0,13.795676,38.936813
512.0,13.785379,38.93403
513.0,13.775083,38.931248
514.0,13.764786,38.928463
515.0,13.754489,38.92568
516.0,13.753323,38.9254
517.0,13.753171,38.925404
518.0,13.753019,38.925404
519.0,13.752867,38.925404
520.0,13.752715,38.925407
521.0,13.7525625,38.925407
522.0,13.752411,38.925407
523.0,13.752259,38.92541
524.0,13.752107,38.92541
525.0,13.751955,38.925415
526.0,13.75228,38.925575
527.0,13.752724,38.92578
528.0,13.753168,38.925987
529.0,13.753612,38.92619
530.0,13.754056,38.926395
531.0,13.7545,38.926598
532.0,13.754944,38.926804
533.0,13.755388,38.927006
534.0,13.755832,38.92721
535.0,13.756276,38.927414
536.0,13.751002,38.926094
537.0,13.745094,38.924603
538.0,13.739185,38.92311
539.0,13.733277,38.921623
540.0,13.727368,38.92013
541.0,13.72146,38.91864
542.0,13.715552,38.91715
543.0,13.709643,38.915657
544.0,13.703735,38.91417
545.0,13.697827,38.912678
546.0,13.694554,38.91182
547.0,13.691941,38.911118
548.0,13.689327,38.910416
549.0,13.686713,38.909714
550.0,13.6841,38.90901
551.0,13.681486,38.908306
552.0,13.678872,38.907604
553.0,13.676259,38.906902
554.0,13.673645,38.9062
555.0,13.671032,38.9055
556.0,13.671029,38.905605
557.0,13.6716795,38.905914
558.0,13.672329,38.906223
559.0,13.672979,38.906532
560.0,13.67363,38.90684
561.0,13.674279,38.90715
562.0,13.67493,38.90746
563.0,13.67558,38.90777
564.0,13.6762295,38.908077
565.0,13.67688,38.908386
566.0,13.671212,38.90688
567.0,13.6655445,38.905376
568.0,13.659878,38.90387
569.0,13.65421,38.902363
570.0,13.648543,38.900856
571.0,13.642876,38.899353
572.0,13.637209,38.897846
573.0,13.631541,38.89634
574.0,13.6258745,38.894836
575.0,13.620208,38.89333
576.0,13.614981,38.892136
577.0,13.609754,38.890945
578.0,13.6045265,38.88975
579.0,13.599299,38.888557
580.0,13.594073,38.887367
581.0,13.588846,38.886173
582.0,13.583619,38.884983
583.0,13.578393,38.88379
584.0,13.573166,38.882595
585.0,13.56794,38.881405
586.0,13.567283,38.881195
587.0,13.567134,38.881096
588.0,13.566985,38.880997
589.0,13.566836,38.880894
590.0,13.566688,38.880795
591.0,13.566539,38.880695
592.0,13.56639,38.880596
593.0,13.56624,38.880493
594.0,13.566092,38.880394
595.0,13.565943,38.880295
596.0,13.565991,38.880295
597.0,13.56604,38.8803
598.0,13.566089,38.8803
599.0,13.566137,38.8803
600.0,13.566187,38.880302
601.0,13.566236,38.880302
602.0,13.566284,38.880306
603.0,13.566333,38.880306
604.0,13.566381,38.880306
605.0,13.566062,38.88022
606.0,13.562428,38.879307
607.0,13.558794,38.87839
608.0,13.5551605,38.87748
609.0,13.551527,38.876568
610.0,13.547894,38.875652
611.0,13.54426,38.87474
612.0,13.540627,38.87383
613.0,13.536993,38.872913
614.0,13.53336,38.872
615.0,13.528964,38.87093
616.0,13.521519,38.86922
617.0,13.514074,38.86751
618.0,13.50663,38.865807
619.0,13.499186,38.864098
620.0,13.491741,38.86239
621.0,13.484297,38.860683
622.0,13.476852,38.858974
623.0,13.469408,38.857265
624.0,13.461964,38.855556
625.0,13.4560175,38.85419
626.0,13.456063,38.85419
627.0,13.456108,38.85419
628.0,13.456154,38.85419
629.0,13.456199,38.854195
630.0,13.456244,38.854195
631.0,13.456289,38.854195
632.0,13.456334,38.854195
633.0,13.45638,38.854195
634.0,13.456425,38.854195
635.0,13.456441,38.854183
636.0,13.456194,38.854084
637.0,13.455947,38.853985
638.0,13.455701,38.85389
639.0,13.455454,38.85379
640.0,13.455207,38.85369
641.0,13.45496,38.853592
642.0,13.454713,38.853493
643.0,13.454467,38.853394
644.0,13.45422,38.853294
645.0,13.453973,38.853195
646.0,13.445645,38.851185
647.0,13.437318,38.849174
648.0,13.428989,38.847168
649.0,13.420662,38.845158
650.0,13.412334,38.843147
651.0,13.404007,38.841137
652.0,13.39568,38.83913
653.0,13.387353,38.83712
654.0,13.379025,38.83511
655.0,13.370699,38.833103
656.0,13.369776,38.832905
657.0,13.368853,38.832706
658.0,13.3679285,38.83251
659.0,13.367005,38.832314
660.0,13.366082,38.83212
661.0,13.365159,38.83192
662.0,13.364236,38.831726
663.0,13.363313,38.831528
664.0,13.36239,38.831333
665.0,13.361466,38.831135
666.0,13.361323,38.831097
667.0,13.361375,38.831097
668.0,13.361426,38.831097
669.0,13.361478,38.831097
670.0,13.361528,38.831097
671.0,13.36158,38.831097
672.0,13.361631,38.8311
673.0,13.361683,38.8311
674.0,13.361734,38.8311
675.0,13.361786,38.8311
676.0,13.361837,38.8311
677.0,13.361889,38.8311
678.0,13.36194,38.8311
679.0,13.361991,38.8311
680.0,13.362042,38.8311
681.0,13.362094,38.8311
682.0,13.362145,38.8311
683.0,13.362197,38.8311
684.0,13.362248,38.831104
685.0,13.362278,38.831104
686.0,13.362224,38.831104
687.0,13.362168,38.831104
688.0,13.362114,38.831104
689.0,13.362059,38.831104
690.0,13.362004,38.831104
691.0,13.361949,38.831104
692.0,13.361895,38.831104
693.0,13.361839,38.831104
694.0,13.361784,38.831104
695.0,13.36173,38.83111
696.0,13.359081,38.830467
697.0,13.356146,38.829758
698.0,13.35321,38.82905
699.0,13.350274,38.82834
700.0,13.347339,38.827625
701.0,13.344403,38.826916
702.0,13.341468,38.826206
703.0,13.3385315,38.825497
704.0,13.335596,38.824787
705.0,13.332661,38.824078
706.0,13.323932,38.821888
707.0,13.315203,38.8197
708.0,13.306474,38.817513
709.0,13.297744,38.815323
710.0,13.289015,38.813133
711.0,13.280287,38.810947
712.0,13.271558,38.808758
713.0,13.262829,38.80657
714.0,13.2541,38.804382
715.0,13.245372,38.802193
716.0,13.244452,38.801975
717.0,13.244402,38.801975
718.0,13.24435,38.801975
719.0,13.244299,38.801975
720.0,13.244247,38.801975
721.0,13.244196,38.801975
722.0,13.244144,38.801975
723.0,13.244093,38.801975
724.0,13.244041,38.801975
725.0,13.24399,38.801975
726.0,13.244201,38.802063
727.0,13.24444,38.802162
728.0,13.2446785,38.80226
729.0,13.244918,38.802364
730.0,13.245157,38.802464
731.0,13.245397,38.802563
732.0,13.245636,38.80266
733.0,13.245875,38.80276
734.0,13.246114,38.80286
735.0,13.246353,38.80296
736.0,13.246441,38.80298
737.0,13.24649,38.80298
738.0,13.246539,38.80298
739.0,13.246589,38.80298
740.0,13.246638,38.80298
741.0,13.246688,38.80298
742.0,13.246737,38.80298
743.0,13.246786,38.80298
744.0,13.246836,38.80298
745.0,13.246884,38.80298
746.0,13.246932,38.802982
747.0,13.24698,38.802982
748.0,13.247026,38.802982
749.0,13.247074,38.802982
750.0,13.247122,38.802982
751.0,13.247169,38.802982
752.0,13.247216,38.802982
753.0,13.247264,38.802982
754.0,13.247311,38.802982
755.0,13.247358,38.802982
756.0,13.2469635,38.8028
757.0,13.246521,38.8026
758.0,13.246078,38.8024
759.0,13.245634,38.802197
760.0,13.245192,38.802
761.0,13.244748,38.801796
762.0,13.244305,38.801598
763.0,13.243861,38.801395
764.0,13.243419,38.801193
765.0,13.242975,38.800995
766.0,13.236061,38.799347
767.0,13.228428,38.79754
768.0,13.220795,38.79573
769.0,13.213161,38.79392
770.0,13.205529,38.79211
771.0,13.197896,38.790302
772.0,13.190264,38.788494
773.0,13.182631,38.786686
774.0,13.174998,38.784878
775.0,13.167365,38.78307
776.0,13.165679,38.78262
777.0,13.164654,38.782322
778.0,13.163628,38.782024
779.0,13.162602,38.781723
780.0,13.161576,38.781425
781.0,13.160551,38.781128
782.0,13.159525,38.78083
783.0,13.1585,38.780533
784.0,13.157474,38.780235
785.0,13.156448,38.779934
786.0,13.156202,38.779877
787.0,13.156152,38.779877
788.0,13.156101,38.779877
789.0,13.156051,38.779877
790.0,13.156,38.779877
791.0,13.15595,38.779877
792.0,13.155899,38.779877
793.0,13.155848,38.779877
794.0,13.155797,38.779877
795.0,13.155746,38.779877
796.0,13.155693,38.779877
797.0,13.15564,38.779877
798.0,13.155586,38.779877
799.0,13.155533,38.779877
800.0,13.1554785,38.779877
801.0,13.155425,38.779877
802.0,13.155372,38.779877
803.0,13.155318,38.779877
804.0,13.155264,38.779877
805.0,13.1552105,38.779877
806.0,13.155231,38.779877
807.0,13.155285,38.779877
808.0,13.155338,38.779877
809.0,13.155392,38.779877
810.0,13.155445,38.77988
811.0,13.1554985,38.77988
812.0,13.155552,38.77988
813.0,13.155604,38.77988
814.0,13.155658,38.77988
815.0,13.155711,38.77988
816.0,13.1557665,38.779884
817.0,13.155822,38.779884
818.0,13.155877,38.779884
819.0,13.155932,38.779884
820.0,13.155988,38.779884
821.0,13.156043,38.779884
822.0,13.156098,38.77989
823.0,13.156154,38.77989
824.0,13.156209,38.77989
825.0,13.155953,38.77977
826.0,13.155233,38.77948
827.0,13.154512,38.779186
828.0,13.153792,38.778893
829.0,13.153071,38.778603
830.0,13.152351,38.77831
831.0,13.15163,38.77802
832.0,13.15091,38.777725
833.0,13.150189,38.77743
834.0,13.149469,38.77714
835.0,13.14853,38.776806
836.0,13.145624,38.776104
837.0,13.142719,38.775402
838.0,13.139813,38.7747
839.0,13.136908,38.774
840.0,13.134003,38.773293
841.0,13.131097,38.77259
842.0,13.128192,38.77189
843.0,13.125286,38.771187
844.0,13.122381,38.77048
845.0,13.11922,38.76971
846.0,13.113758,38.768303
847.0,13.108297,38.7669
848.0,13.102836,38.76549
849.0,13.097374,38.764084
850.0,13.091912,38.76268
851.0,13.086451,38.761272
852.0,13.08099,38.75987
853.0,13.075528,38.75846
854.0,13.070067,38.757057
855.0,13.065107,38.75578
856.0,13.064662,38.75568
857.0,13.064217,38.75558
858.0,13.063772,38.75548
859.0,13.063327,38.755383
860.0,13.062881,38.75528
861.0,13.062436,38.75518
862.0,13.061991,38.75508
863.0,13.061545,38.754982
864.0,13.0611,38.754883
865.0,13.060703,38.754803
866.0,13.060744,38.7549
867.0,13.060785,38.755
868.0,13.060826,38.7551
869.0,13.060867,38.7552
870.0,13.060908,38.7553
871.0,13.060949,38.755398
872.0,13.060989,38.755497
873.0,13.06103,38.755592
874.0,13.061071,38.75569
875.0,13.061112,38.75579
876.0,13.061156,38.755802
877.0,13.061202,38.755802
878.0,13.061247,38.755802
879.0,13.061292,38.755806
880.0,13.0613365,38.755806
881.0,13.061382,38.755806
882.0,13.061427,38.755806
883.0,13.061472,38.755806
884.0,13.061517,38.755806
885.0,13.061562,38.75581
886.0,13.061534,38.755726
887.0,13.061487,38.755623
888.0,13.06144,38.75552
889.0,13.061395,38.755417
890.0,13.061348,38.755314
891.0,13.061301,38.75521
892.0,13.0612545,38.755108
893.0,13.061209,38.755005
894.0,13.061162,38.7549
895.0,13.061114,38.75481
896.0,13.061063,38.75481
897.0,13.06101,38.75481
898.0,13.060958,38.75481
899.0,13.060905,38.754814
900.0,13.060854,38.754814
901.0,13.0608015,38.754814
902.0,13.060749,38.754814
903.0,13.060697,38.754814
904.0,13.060644,38.754814
905.0,13.060602,38.754818
906.0,13.060647,38.754818
907.0,13.060692,38.754818
908.0,13.060736,38.754818
909.0,13.060781,38.754818
910.0,13.060825,38.754818
911.0,13.06087,38.754818
912.0,13.060915,38.754818
913.0,13.06096,38.754818
914.0,13.061005,38.754818
915.0,13.0610485,38.754818
916.0,13.060995,38.754818
917.0,13.060943,38.754818
918.0,13.060889,38.754818
919.0,13.060836,38.754818
920.0,13.060782,38.754818
921.0,13.060729,38.754818
922.0,13.060676,38.754818
923.0,13.060622,38.754818
924.0,13.060569,38.754818
925.0,13.060515,38.754818
926.0,13.060462,38.754818
927.0,13.060409,38.754818
928.0,13.060355,38.754818
929.0,13.060302,38.754818
930.0,13.060248,38.754818
931.0,13.060195,38.754818
932.0,13.060142,38.754818
933.0,13.060088,38.754818
934.0,13.060035,38.754818
935.0,13.059981,38.754818
936.0,13.060009,38.754818
937.0,13.060058,38.754818
938.0,13.060106,38.754818
939.0,13.060154,38.754818
940.0,13.060203,38.754818
941.0,13.060251,38.754818
942.0,13.060299,38.754818
943.0,13.060348,38.754818
944.0,13.060395,38.754818
945.0,13.060444,38.754818
946.0,13.05933,38.754543
947.0,13.058086,38.75424
948.0,13.056843,38.753933
949.0,13.0556,38.753628
950.0,13.054357,38.753326
951.0,13.053113,38.75302
952.0,13.05187,38.752716
953.0,13.050627,38.75241
954.0,13.049383,38.752106
955.0,13.048141,38.751804
956.0,13.046418,38.7513
957.0,13.044697,38.750797
958.0,13.042974,38.750294
959.0,13.041253,38.749794
960.0,13.039531,38.74929
961.0,13.037809,38.748787
962.0,13.036087,38.748287
963.0,13.034366,38.747784
964.0,13.032643,38.74728
965.0,13.030922,38.746777
966.0,13.028785,38.74627
967.0,13.026648,38.74576
968.0,13.02451,38.745255
969.0,13.022373,38.744747
970.0,13.020236,38.74424
971.0,13.018099,38.743732
972.0,13.015962,38.743225
973.0,13.013824,38.742718
974.0,13.011687,38.74221
975.0,13.009719,38.74174
976.0,13.009267,38.74164
977.0,13.008815,38.741535
978.0,13.008363,38.741436
979.0,13.007912,38.741333
980.0,13.00746,38.74123
981.0,13.007008,38.741127
982.0,13.006556,38.741024
983.0,13.0061035,38.74092
984.0,13.005652,38.740818
985.0,13.00525,38.740704
986.0,13.004965,38.740566
987.0,13.004679,38.740425
988.0,13.004394,38.740288
989.0,13.004107,38.740147
990.0,13.003822,38.74001
991.0,,
992.0,,
993.0,,
994.0,,
995.0,,
996.0,,
997.0,,
998.0,,
999.0,,
1000.0,,
1001.0,,
1002.0,,
1003.0,,
1004.0,,
1005.0,,
1006.0,,
1007.0,,
1008.0,,
1009.0,,
1010.0,,
1011.0,,
1012.0,,
1013.0,,
1014.0,,
1015.0,,
1016.0,,
1017.0,,
1018.0,,
1019.0,,
1020.0,,
1021.0,,
1022.0,,
1023.0,,
1024.0,,
1025.0,,
1026.0,,
1027.0,,
1028.0,,
1029.0,,
1030.0,,
1031.0,,
1032.0,,
1033.0,,
1034.0,,
1035.0,,
1036.0,,
1037.0,,
1038.0,,
1039.0,,
1040.0,,
1041.0,,
1042.0,,
1043.0,,
1044.0,,
1045.0,,
1046.0,,
1047.0,,
1048.0,,
1049.0,,
1050.0,,
1051.0,,
1052.0,,
1053.0,,
1054.0,,
1055.0,,
1056.0,,
1057.0,,
1058.0,,
1059.0,,
1060.0,,
1061.0,,
1062.0,,
1063.0,,
1064.0,,
1065.0,,
1066.0,,
1067.0,,
1068.0,,
1069.0,,
1070.0,,
1071.0,,
1072.0,,
1073.0,,
1074.0,,
1075.0,,
1076.0,,
1077.0,,
1078.0,,
1079.0,,
1080.0,,
1081.0,,
1082.0,,
1083.0,,
1084.0,,
1085.0,,
1086.0,,
1087.0,,
1088.0,,
1089.0,,
1090.0,,
1091.0,,
1092.0,,
1093.0,,
1094.0,,
1095.0,,
1096.0,,
1097.0,,
1098.0,,
1099.0,,
1100.0,,
1101.0,,
1102.0,,
1103.0,,
1104.0,,
1105.0,,
1106.0,,
1107.0,,
1108.0,,
1109.0,,
1110.0,,
1111.0,,
1112.0,,
1113.0,,
1114.0,,
1115.0,,
1116.0,,
1117.0,,
1118.0,,
1119.0,,
1120.0,,
1121.0,,
1122.0,,
1123.0,,
1124.0,,
1125.0,,
1126.0,,
1127.0,,
1128.0,,
1129.0,,
1130.0,,
1131.0,,
1132.0,,
1133.0,,
1134.0,,
1135.0,,
1136.0,,
1137.0,,
1138.0,,
1139.0,,
1140.0,,
1141.0,,
1142.0,,
1143.0,,
1144.0,,
1145.0,,
1146.0,,
1147.0,,
1148.0,,
1149.0,,
1150.0,,
1151.0,,
1152.0,,
1153.0,,
1154.0,,
1155.0,,
1156.0,,
1157.0,,
1158.0,,
1159.0,,
1160.0,,
1161.0,,
1162.0,,
1163.0,,
1164.0,,
1165.0,,
1166.0,,
1167.0,,
1168.0,,
1169.0,,
1170.0,,
1171.0,,
1172.0,,
1173.0,,
1174.0,,
1175.0,,
1176.0,,
1177.0,,
1178.0,,
1179.0,,
1180.0,,
1181.0,,
1182.0,,
1183.0,,
1184.0,,
1185.0,,
1186.0,,
1187.0,,
1188.0,,
1189.0,,
1190.0,,
1191.0,,
1192.0,,
1193.0,,
1194.0,,
1195.0,,
1196.0,,
1197.0,,
1198.0,,
1199.0,,
1200.0,,
1201.0,,
1202.0,,
1203.0,,
1204.0,,
1205.0,,
1206.0,,
1207.0,,
1208.0,,
1209.0,,
1210.0,,
1211.0,,
1212.0,,
1213.0,,
1214.0,,
1215.0,,
1216.0,,
1217.0,,
1218.0,,
1219.0,,
1220.0,,
1221.0,,
1222.0,,
1223.0,,
1224.0,,
1225.0,,
1226.0,,
1227.0,,
1228.0,,
1229.0,,
1230.0,,
1231.0,,
1232.0,,
1233.0,,
1234.0,,
1235.0,,
1236.0,,
1237.0,,
1238.0,,
1239.0,,
1240.0,,
1241.0,,
1242.0,,
1243.0,,
1244.0,,
1245.0,,
1246.0,,
1247.0,,
1248.0,,
1249.0,,
1250.0,,
1251.0,,
1252.0,,
1253.0,,
1254.0,,
1255.0,,
1256.0,,
1257.0,,
1258.0,,
1259.0,,
1260.0,,
1261.0,,
1262.0,,
1263.0,,
1264.0,,
1265.0,,
1266.0,,
1267.0,,
1268.0,,
1269.0,,
1270.0,,
1271.0,,
1272.0,,
1273.0,,
1274.0,,
1275.0,,
1276.0,,
1277.0,,
1278.0,,
1279.0,,
1280.0,,
1281.0,,
1282.0,,
1283.0,,
1284.0,,
1285.0,,
1286.0,,
1287.0,,
1288.0,,
1289.0,,
1290.0,,
1291.0,,
1292.0,,
1293.0,,
1294.0,,
1295.0,,
1296.0,,
1297.0,,
1298.0,,
1299.0,,
1300.0,,
1301.0,,
1302.0,,
1303.0,,
1304.0,,
1305.0,,
1306.0,,
1307.0,,
1308.0,,
1309.0,,
1310.0,,
1311.0,,
1312.0,,
1313.0,,
1314.0,,
1315.0,,
1316.0,,
1317.0,,
1318.0,,
1319.0,,
1320.0,,
1321.0,,
1322.0,,
1323.0,,
1324.0,,
1325.0,,
1326.0,,
1327.0,,
1328.0,,
1329.0,,
1330.0,,
1331.0,,
1332.0,,
1333.0,,
1334.0,,
1335.0,,
1336.0,,
1337.0,,
1338.0,,
1339.0,,
1340.0,,
1341.0,,
1342.0,,
1343.0,,
1344.0,,
1345.0,,
1346.0,,
1347.0,,
1348.0,,
1349.0,,
1350.0,,
1351.0,,
1352.0,,
1353.0,,
1354.0,,
1355.0,,
1356.0,,
1357.0,,
1358.0,,
1359.0,,
1360.0,,
1361.0,,
1362.0,,
1363.0,,
1364.0,,
1365.0,,
1366.0,,
1367.0,,
1368.0,,
1369.0,,
1370.0,,
1371.0,,
1372.0,,
1373.0,,
1374.0,,
1375.0,,
1376.0,,
1377.0,,
1378.0,,
1379.0,,
1380.0,,
1381.0,,
1382.0,,
1383.0,,
1384.0,,
1385.0,,
1386.0,,
1387.0,,
1388.0,,
1389.0,,
1390.0,,
1391.0,,
1392.0,,
1393.0,,
1394.0,,
1395.0,,
1396.0,,
1397.0,,
1398.0,,
1399.0,,
1400.0,,
1401.0,,
1402.0,,
1403.0,,
1404.0,,
1405.0,,
1406.0,,
1407.0,,
1408.0,,
1409.0,,
1410.0,,
1411.0,,
1412.0,,
1413.0,,
1414.0,,
1415.0,,
1416.0,,
1417.0,,
1418.0,,
1419.0,,
1420.0,,
1421.0,,
1422.0,,
1423.0,,
1424.0,,
1425.0,,
1426.0,,
1427.0,,
1428.0,,
1429.0,,
1430.0,,
1431.0,,
1432.0,,
1433.0,,
1434.0,,
1435.0,,
1436.0,,
1437.0,,
1438.0,,
1439.0,,
1440.0,,
1441.0,,
1442.0,,
1443.0,,
1444.0,,
1445.0,,
1446.0,,
1447.0,,
1448.0,,
1449.0,,
1450.0,,
1451.0,,
1452.0,,
1453.0,,
1454.0,,
1455.0,,
1456.0,,
1457.0,,
1458.0,,
1459.0,,
1460.0,,
1461.0,,
1462.0,,
1463.0,,
1464.0,,
1465.0,,
1466.0,,
1467.0,,
1468.0,,
1469.0,,
1470.0,,
1471.0,,
1472.0,,
1473.0,,
1474.0,,
1475.0,,
1476.0,,
1477.0,,
1478.0,,
1479.0,,
1480.0,,
1481.0,,
1482.0,,
1483.0,,
1484.0,,
1485.0,,
1486.0,,
1487.0,,
1488.0,,
1489.0,,
1490.0,,
1491.0,,
1492.0,,
1493.0,,
1494.0,,
1495.0,,
1496.0,,
1497.0,,
1498.0,,
1499.0,,
1500.0,,
1501.0,,
1502.0,,
1503.0,,
1504.0,,
1505.0,,
1506.0,,
1507.0,,
1508.0,,
1509.0,,
1510.0,,
1511.0,,
1512.0,,
1513.0,,
1514.0,,
1515.0,,
1516.0,,
1517.0,,
1518.0,,
1519.0,,
1520.0,,
1521.0,,
1522.0,,
1523.0,,
1524.0,,
1525.0,,
1526.0,,
1527.0,,
1528.0,,
1529.0,,
1530.0,,
1531.0,,
1532.0,,
1533.0,,
1534.0,,
1535.0,,
1536.0,,
1537.0,,
1538.0,,
1539.0,,
1540.0,,
1541.0,,
1542.0,,
1543.0,,
1544.0,,
1545.0,,
1546.0,,
1547.0,,
1548.0,,
1549.0,,
1550.0,,
1551.0,,
1552.0,,
1553.0,,
1554.0,,
1555.0,,
1556.0,,
1557.0,,
1558.0,,
1559.0,,
1560.0,,
1561.0,,
1562.0,,
1563.0,,
1564.0,,
1565.0,,
1566.0,,
1567.0,,
1568.0,,
1569.0,,
1570.0,,
1571.0,,
1572.0,,
1573.0,,
1574.0,,
1575.0,,
1576.0,,
1577.0,,
1578.0,,
1579.0,,
1580.0,,
1581.0,,
1582.0,,
1583.0,,
1584.0,,
1585.0,,
1586.0,,
1587.0,,
1588.0,,
1589.0,,
1590.0,,
1591.0,,
1592.0,,
1593.0,,
1594.0,,
1595.0,,
1596.0,,
1597.0,,
1598.0,,
1599.0,,
1600.0,,
1601.0,,
1602.0,,
1603.0,,
1604.0,,
1605.0,,
1606.0,,
1607.0,,
1608.0,,
1609.0,,
1610.0,,
1611.0,,
1612.0,,
1613.0,,
1614.0,,
1615.0,,
1616.0,,
1617.0,,
1618.0,,
1619.0,,
1620.0,,
1621.0,,
1622.0,,
1623.0,,
1624.0,,
1625.0,,
1626.0,,
1627.0,,
1628.0,,
1629.0,,
1630.0,,
1631.0,,
1632.0,,
1633.0,,
1634.0,,
1635.0,,
1636.0,,
1637.0,,
1638.0,,
1639.0,,
1640.0,,
1641.0,,
1642.0,,
1643.0,,
1644.0,,
1645.0,,
1646.0,,
1647.0,,
1648.0,,
1649.0,,
1650.0,,
1651.0,,
1652.0,,
1653.0,,
1654.0,,
1655.0,,
1656.0,,
1657.0,,
1658.0,,
1659.0,,
1660.0,,
1661.0,,
1662.0,,
1663.0,,
1664.0,,
1665.0,,
1666.0,,
1667.0,,
1668.0,,
1669.0,,
1670.0,,
1671.0,,
1672.0,,
1673.0,,
1674.0,,
1675.0,,
1676.0,,
1677.0,,
1678.0,,
1679.0,,
1680.0,,
1681.0,,
1682.0,,
1683.0,,
1684.0,,
1685.0,,
1686.0,,
1687.0,,
1688.0,,
1689.0,,
1690.0,,
1691.0,,
1692.0,,
1693.0,,
1694.0,,
1695.0,,
1696.0,,
1697.0,,
1698.0,,
1699.0,,
1700.0,,
1701.0,,
1702.0,,
1703.0,,
1704.0,,
1705.0,,
1706.0,,
1707.0,,
1708.0,,
1709.0,,
1710.0,,
1711.0,,
1712.0,,
1713.0,,
1714.0,,
1715.0,,
1716.0,,
1717.0,,
1718.0,,
1719.0,,
1720.0,,
1721.0,,
1722.0,,
1723.0,,
1724.0,,
1725.0,,
1726.0,,
1727.0,,
1728.0,,
1729.0,,
1730.0,,
1731.0,,
1732.0,,
1733.0,,
1734.0,,
1735.0,,
1736.0,,
1737.0,,
1738.0,,
1739.0,,
1740.0,,
1741.0,,
1742.0,,
1743.0,,
1744.0,,
1745.0,,
1746.0,,
1747.0,,
1748.0,,
1749.0,,
1750.0,,
1751.0,,
1752.0,,
1753.0,,
1754.0,,
1755.0,,
1756.0,,
1757.0,,
1758.0,,
1759.0,,
1760.0,,
1761.0,,
1762.0,,
1763.0,,
1764.0,,
1765.0,,
1766.0,,
1767.0,,
1768.0,,
1769.0,,
1770.0,,
1771.0,,
1772.0,,
1773.0,,
1774.0,,
1775.0,,
1776.0,,
1777.0,,
1778.0,,
1779.0,,
1780.0,,
1781.0,,
1782.0,,
1783.0,,
1784.0,,
1785.0,,
1786.0,,
1787.0,,
1788.0,,
1789.0,,
1790.0,,
1791.0,,
1792.0,,
1793.0,,
1794.0,,
1795.0,,
1796.0,,
1797.0,,
1798.0,,
1799.0,,
1800.0,,
1801.0,,
1802.0,,
1803.0,,
1804.0,,
1805.0,,
1806.0,,
1807.0,,
1808.0,,
1809.0,,
1810.0,,
1811.0,,
1812.0,,
1813.0,,
1814.0,,
1815.0,,
1816.0,,
1817.0,,
1818.0,,
1819.0,,
1820.0,,
1821.0,,
1822.0,,
1823.0,,
1824.0,,
1825.0,,
1826.0,,
1827.0,,
1828.0,,
1829.0,,
1830.0,,
1831.0,,
1832.0,,
1833.0,,
1834.0,,
1835.0,,
1836.0,,
1837.0,,
1838.0,,
1839.0,,
1840.0,,
1841.0,,
1842.0,,
1843.0,,
1844.0,,
1845.0,,
1846.0,,
1847.0,,
1848.0,,
1849.0,,
1850.0,,
1851.0,,
1852.0,,
1853.0,,
1854.0,,
1855.0,,
1856.0,,
1857.0,,
1858.0,,
1859.0,,
1860.0,,
1861.0,,
1862.0,,
1863.0,,
1864.0,,
1865.0,,
1866.0,,
1867.0,,
1868.0,,
1869.0,,
1870.0,,
1871.0,,
1872.0,,
1873.0,,
1874.0,,
1875.0,,
1876.0,,
1877.0,,
1878.0,,
1879.0,,
1880.0,,
1881.0,,
1882.0,,
1883.0,,
1884.0,,
1885.0,,
1886.0,,
1887.0,,
1888.0,,
1889.0,,
1890.0,,
1891.0,,
1892.0,,
1893.0,,
1894.0,,
1895.0,,
1896.0,,
1897.0,,
1898.0,,
1899.0,,
1900.0,,
1901.0,,
1902.0,,
1903.0,,
1904.0,,
1905.0,,
1906.0,,
1907.0,,
1908.0,,
1909.0,,
1910.0,,
1911.0,,
1912.0,,
1913.0,,
1914.0,,
1915.0,,
1916.0,,
1917.0,,
1918.0,,
1919.0,,
1920.0,,
1921.0,,
1922.0,,
1923.0,,
1924.0,,
1925.0,,
1926.0,,
1927.0,,
1928.0,,
1929.0,,
1930.0,,
1931.0,,
1932.0,,
1933.0,,
1934.0,,
1935.0,,
1936.0,,
1937.0,,
1938.0,,
1939.0,,
1940.0,,
1941.0,,
1942.0,,
1943.0,,
1944.0,,
1945.0,,
1946.0,,
1947.0,,
1948.0,,
1949.0,,
1950.0,,
1951.0,,
1952.0,,
1953.0,,
1954.0,,
1955.0,,
1956.0,,
1957.0,,
1958.0,,
1959.0,,
1960.0,,
1961.0,,
1962.0,,
1963.0,,
1964.0,,
1965.0,,
1966.0,,
1967.0,,
1968.0,,
1969.0,,
1970.0,,
1971.0,,
1972.0,,
1973.0,,
1974.0,,
1975.0,,
1976.0,,
1977.0,,
1978.0,,
1979.0,,
1980.0,,
1981.0,,
1982.0,,
1983.0,,
1984.0,,
1985.0,,
1986.0,,
1987.0,,
1988.0,,
1989.0,,
1990.0,,
1991.0,,
1992.0,,
1993.0,,
1994.0,,
1995.0,,
1996.0,,
1997.0,,
1998.0,,
1999.0,,
